"","X.1","X","SAMPLE","GENE","REF_COUNT","ALT_COUNT","COPY_NUMBER","NORMAL_PLOIDY","VAF_ESTIMATE","CCF_ESTIMATE"
"1",1,1,"aml_ohsu_2022_2000_BA2123","DNMT3A",36,33,2,2,0.478260869565217,0.956521739130435
"2",2,2,"aml_ohsu_2022_2000_BA2123","SMC3",106,70,2,2,0.397727272727273,0.795454545454545
"3",3,3,"aml_ohsu_2022_2000_BA2123","WT1",125,74,2,2,0.371859296482412,0.743718592964824
"4",4,4,"aml_ohsu_2022_2001_BA2702","IDH2",102,71,2,2,0.410404624277457,0.820809248554913
"5",5,5,"aml_ohsu_2022_2003_BA2499","EZH2",20,67,2,2,0.770114942528736,1
"6",6,6,"aml_ohsu_2022_2003_BA2499","RUNX1",126,108,2,2,0.461538461538462,0.923076923076923
"7",7,7,"aml_ohsu_2022_2003_BA2499","SMC3",98,62,2,2,0.3875,0.775
"8",8,8,"aml_ohsu_2022_2003_BA2499","STAG2",4,30,1,1,0.88235294117647,0.88235294117647
"9",9,9,"aml_ohsu_2022_2003_BA2499","ZRSR2",3,48,1,1,0.941176470588235,0.941176470588235
"10",10,10,"aml_ohsu_2022_2007_BA2918","DNMT3A",30,32,2,2,0.516129032258065,1
"11",11,11,"aml_ohsu_2022_2007_BA2918","IDH1",67,60,2,2,0.47244094488189,0.94488188976378
"12",12,12,"aml_ohsu_2022_2007_BA2918","NRAS",306,47,2,2,0.13314447592068,0.26628895184136
"13",13,13,"aml_ohsu_2022_2009_BA3322","STAG2",54,16,1,1,0.228571428571429,0.228571428571429
"14",14,14,"aml_ohsu_2022_2012_BA2616","IRS2",26,4,2,2,0.133333333333333,0.266666666666667
"15",15,15,"aml_ohsu_2022_2012_BA2616","NRAS",209,56,2,2,0.211320754716981,0.422641509433962
"16",16,16,"aml_ohsu_2022_2012_BA2616","PDS5B",109,50,2,2,0.314465408805031,0.628930817610063
"17",17,17,"aml_ohsu_2022_2012_BA2616","SF3B1",64,27,2,2,0.296703296703297,0.593406593406593
"18",18,18,"aml_ohsu_2022_2013_BA2195","IDH2",121,84,2,2,0.409756097560976,0.819512195121951
"19",19,19,"aml_ohsu_2022_2013_BA2195","MPL",33,17,2,2,0.34,0.68
"20",20,20,"aml_ohsu_2022_2013_BA2195","PHF6",93,9,2,2,0.0882352941176471,0.176470588235294
"21",21,21,"aml_ohsu_2022_2013_BA2195","RUNX1",140,15,2,2,0.0967741935483871,0.193548387096774
"22",22,22,"aml_ohsu_2022_2013_BA2195","SRSF2",31,28,2,2,0.474576271186441,0.949152542372881
"23",23,23,"aml_ohsu_2022_2013_BA2195","TP53",14,17,2,2,0.548387096774194,1
"24",24,24,"aml_ohsu_2022_2014_BA2226","SMC1A",145,112,2,2,0.43579766536965,0.8715953307393
"25",25,25,"aml_ohsu_2022_2016_BA2816","BCORL1",5,4,1,1,0.444444444444444,0.444444444444444
"26",26,26,"aml_ohsu_2022_2016_BA2816","CSF3R",44,17,2,2,0.278688524590164,0.557377049180328
"27",27,27,"aml_ohsu_2022_2016_BA2816","CTCF",75,22,2,2,0.22680412371134,0.45360824742268
"28",28,28,"aml_ohsu_2022_2016_BA2816","EZH2",74,11,2,2,0.129411764705882,0.258823529411765
"29",29,29,"aml_ohsu_2022_2016_BA2816","RUNX1",60,30,2,2,0.333333333333333,0.666666666666667
"30",30,30,"aml_ohsu_2022_2017_BA2156","CEBPA",145,96,2,2,0.398340248962656,0.796680497925311
"31",31,31,"aml_ohsu_2022_2017_BA2156","GATA2",66,28,2,2,0.297872340425532,0.595744680851064
"32",32,32,"aml_ohsu_2022_2017_BA2156","SMC1A",14,98,1,1,0.875,0.875
"33",33,33,"aml_ohsu_2022_2018_BA2950","CREBBP",100,60,2,2,0.375,0.75
"34",34,34,"aml_ohsu_2022_2018_BA2950","RUNX1",83,73,2,2,0.467948717948718,0.935897435897436
"35",35,35,"aml_ohsu_2022_2018_BA2950","SF3B1",116,89,2,2,0.434146341463415,0.868292682926829
"36",36,36,"aml_ohsu_2022_2019_BA2905","EZH2",6,88,2,2,0.936170212765957,1
"37",37,37,"aml_ohsu_2022_2019_BA2905","IDH2",126,95,2,2,0.429864253393665,0.85972850678733
"38",38,38,"aml_ohsu_2022_2019_BA2905","JAK3",70,23,2,2,0.247311827956989,0.494623655913978
"39",39,39,"aml_ohsu_2022_2019_BA2905","STAG2",2,15,1,1,0.88235294117647,0.88235294117647
"40",40,40,"aml_ohsu_2022_2020_BA2006","ASXL1",29,14,2,2,0.325581395348837,0.651162790697674
"41",41,41,"aml_ohsu_2022_2020_BA2006","SRSF2",38,35,2,2,0.47945205479452,0.958904109589041
"42",42,42,"aml_ohsu_2022_2020_BA2006","TP53",49,158,2,2,0.763285024154589,1
"43",43,43,"aml_ohsu_2022_2022_BA2032","DNMT3A",11,10,2,2,0.476190476190476,0.952380952380952
"44",44,44,"aml_ohsu_2022_2023_BA2834","ATM",103,51,2,2,0.331168831168831,0.662337662337662
"45",45,45,"aml_ohsu_2022_2023_BA2834","BCOR",55,23,1,1,0.294871794871795,0.294871794871795
"46",46,46,"aml_ohsu_2022_2023_BA2834","PTPN11",74,51,2,2,0.408,0.816
"47",47,47,"aml_ohsu_2022_2023_BA2834","WT1",131,16,2,2,0.108843537414966,0.217687074829932
"48",48,48,"aml_ohsu_2022_2024_BA2606","ASXL1",91,44,2,2,0.325925925925926,0.651851851851852
"49",49,49,"aml_ohsu_2022_2024_BA2606","IDH1",75,32,2,2,0.299065420560748,0.598130841121495
"50",50,50,"aml_ohsu_2022_2024_BA2606","SRSF2",39,28,2,2,0.417910447761194,0.835820895522388
"51",51,51,"aml_ohsu_2022_2024_BA2606","STAG2",12,19,1,1,0.612903225806452,0.612903225806452
"52",52,52,"aml_ohsu_2022_2025_BA2461","WT1",28,3,2,2,0.0967741935483871,0.193548387096774
"53",53,53,"aml_ohsu_2022_2026_BA2122","ASXL1",38,49,2,2,0.563218390804598,1
"54",54,54,"aml_ohsu_2022_2026_BA2122","BCOR",27,32,2,2,0.542372881355932,1
"55",55,55,"aml_ohsu_2022_2026_BA2122","CSF3R",9,11,2,2,0.55,1
"56",56,56,"aml_ohsu_2022_2026_BA2122","RUNX1",12,235,2,2,0.951417004048583,1
"57",57,57,"aml_ohsu_2022_2027_BA2936","IDH1",130,32,2,2,0.197530864197531,0.395061728395062
"58",58,58,"aml_ohsu_2022_2027_BA2936","SRSF2",72,20,2,2,0.217391304347826,0.434782608695652
"59",59,59,"aml_ohsu_2022_2028_BA2144","ASXL1",12,2,2,2,0.142857142857143,0.285714285714286
"60",60,60,"aml_ohsu_2022_2028_BA2144","BCOR",33,28,2,2,0.459016393442623,0.918032786885246
"61",61,61,"aml_ohsu_2022_2028_BA2144","BCORL1",61,33,2,2,0.351063829787234,0.702127659574468
"62",62,62,"aml_ohsu_2022_2028_BA2144","DNMT3A",23,8,2,2,0.258064516129032,0.516129032258065
"63",63,63,"aml_ohsu_2022_2028_BA2144","IDH2",83,60,2,2,0.41958041958042,0.839160839160839
"64",64,64,"aml_ohsu_2022_2028_BA2144","NRAS",41,5,2,2,0.108695652173913,0.217391304347826
"65",65,65,"aml_ohsu_2022_2028_BA2144","RUNX1",26,22,2,2,0.458333333333333,0.916666666666667
"66",66,66,"aml_ohsu_2022_2029_BA2474","DNMT3A",27,17,2,2,0.386363636363636,0.772727272727273
"67",67,67,"aml_ohsu_2022_2029_BA2474","PTPN11",112,84,2,2,0.428571428571429,0.857142857142857
"68",68,68,"aml_ohsu_2022_2030_BA2708","CEBPA",3,5,2,2,0.625,1
"69",69,69,"aml_ohsu_2022_2030_BA2708","TET2",141,110,2,2,0.438247011952191,0.876494023904382
"70",70,70,"aml_ohsu_2022_2032_BA2348","NRAS",100,64,2,2,0.390243902439024,0.780487804878049
"71",71,71,"aml_ohsu_2022_2032_BA2348","SF3B1",48,47,2,2,0.494736842105263,0.989473684210526
"72",72,72,"aml_ohsu_2022_2032_BA2348","WT1",76,25,2,2,0.247524752475248,0.495049504950495
"73",73,73,"aml_ohsu_2022_2035_BA2212","ASXL1",17,11,2,2,0.392857142857143,0.785714285714286
"74",74,74,"aml_ohsu_2022_2035_BA2212","STAG2",1,23,1,1,0.958333333333333,0.958333333333333
"75",75,75,"aml_ohsu_2022_2035_BA2212","SUZ12",70,40,2,2,0.363636363636364,0.727272727272727
"76",76,76,"aml_ohsu_2022_2035_BA2212","TET2",108,77,2,2,0.416216216216216,0.832432432432432
"77",77,77,"aml_ohsu_2022_2036_BA2731","CEBPA",44,24,2,2,0.352941176470588,0.705882352941177
"78",78,78,"aml_ohsu_2022_2036_BA2731","EZH2",64,20,2,2,0.238095238095238,0.476190476190476
"79",79,79,"aml_ohsu_2022_2036_BA2731","NFE2",92,81,2,2,0.468208092485549,0.936416184971098
"80",80,80,"aml_ohsu_2022_2036_BA2731","TET2",191,139,2,2,0.421212121212121,0.842424242424242
"81",81,81,"aml_ohsu_2022_2037_BA2300","KIT",102,77,2,2,0.430167597765363,0.860335195530726
"82",82,82,"aml_ohsu_2022_2037_BA2300","TP53",3,40,2,2,0.930232558139535,1
"83",83,83,"aml_ohsu_2022_2041_BA2724","DNMT3A",19,13,2,2,0.40625,0.8125
"84",84,84,"aml_ohsu_2022_2041_BA2724","NRAS",46,30,2,2,0.394736842105263,0.789473684210526
"85",85,85,"aml_ohsu_2022_2042_BA2073","ASXL1",49,8,2,2,0.140350877192982,0.280701754385965
"86",86,86,"aml_ohsu_2022_2042_BA2073","IDH1",49,30,2,2,0.379746835443038,0.759493670886076
"87",87,87,"aml_ohsu_2022_2042_BA2073","RUNX1",14,54,2,2,0.794117647058823,1
"88",88,88,"aml_ohsu_2022_2043_BA2575","FOXP1",104,11,2,2,0.0956521739130435,0.191304347826087
"89",89,89,"aml_ohsu_2022_2043_BA2575","KRAS",174,26,2,2,0.13,0.26
"90",90,90,"aml_ohsu_2022_2043_BA2575","NRAS",289,27,2,2,0.0854430379746835,0.170886075949367
"91",91,91,"aml_ohsu_2022_2044_BA2280","CEBPA",18,12,2,2,0.4,0.8
"92",92,92,"aml_ohsu_2022_2044_BA2280","TET2",55,55,2,2,0.5,1
"93",93,93,"aml_ohsu_2022_2047_BA2634","ETV6",55,37,2,2,0.402173913043478,0.804347826086957
"94",94,94,"aml_ohsu_2022_2047_BA2634","KRAS",105,22,2,2,0.173228346456693,0.346456692913386
"95",95,95,"aml_ohsu_2022_2047_BA2634","PDGFRB",26,11,2,2,0.297297297297297,0.594594594594595
"96",96,96,"aml_ohsu_2022_2047_BA2634","PTPN11",214,33,2,2,0.133603238866397,0.267206477732794
"97",97,97,"aml_ohsu_2022_2047_BA2634","U2AF1",58,32,2,2,0.355555555555556,0.711111111111111
"98",98,98,"aml_ohsu_2022_2048_BA3080","CREBBP",273,88,2,2,0.243767313019391,0.487534626038781
"99",99,99,"aml_ohsu_2022_2048_BA3080","HIST1H1E",128,68,2,2,0.346938775510204,0.693877551020408
"100",100,100,"aml_ohsu_2022_2048_BA3080","PTPN11",143,84,2,2,0.370044052863436,0.740088105726872
"101",101,101,"aml_ohsu_2022_2049_BA2623","JAK2",73,58,2,2,0.442748091603053,0.885496183206107
"102",102,102,"aml_ohsu_2022_2049_BA2623","NRAS",127,13,2,2,0.0928571428571429,0.185714285714286
"103",103,103,"aml_ohsu_2022_2049_BA2623","U2AF1",91,81,2,2,0.47093023255814,0.941860465116279
"104",104,104,"aml_ohsu_2022_2050_BA2354","CREBBP",36,4,2,2,0.1,0.2
"105",105,105,"aml_ohsu_2022_2050_BA2354","EZH2",89,18,2,2,0.168224299065421,0.336448598130841
"106",106,106,"aml_ohsu_2022_2050_BA2354","KIT",188,39,2,2,0.171806167400881,0.343612334801762
"107",107,107,"aml_ohsu_2022_2051_BA2380","MYC",72,7,2,2,0.0886075949367089,0.177215189873418
"108",108,108,"aml_ohsu_2022_2053_BA2803","TET2",128,118,2,2,0.479674796747967,0.959349593495935
"109",109,109,"aml_ohsu_2022_2057_BA2659","BCOR",3,31,1,1,0.911764705882353,0.911764705882353
"110",110,110,"aml_ohsu_2022_2057_BA2659","CEBPA",38,25,2,2,0.396825396825397,0.793650793650794
"111",111,111,"aml_ohsu_2022_2057_BA2659","DNMT3A",12,7,2,2,0.368421052631579,0.736842105263158
"112",112,112,"aml_ohsu_2022_2057_BA2659","IDH2",149,104,2,2,0.411067193675889,0.822134387351779
"113",113,113,"aml_ohsu_2022_2057_BA2659","SRSF2",30,30,2,2,0.5,1
"114",114,114,"aml_ohsu_2022_2058_BA2054","DNMT3A",27,32,2,2,0.542372881355932,1
"115",115,115,"aml_ohsu_2022_2058_BA2054","PDS5B",75,8,2,2,0.0963855421686747,0.192771084337349
"116",116,116,"aml_ohsu_2022_2059_BA2847","JAK2",28,18,2,2,0.391304347826087,0.782608695652174
"117",117,117,"aml_ohsu_2022_2059_BA2847","RUNX1",51,35,2,2,0.406976744186047,0.813953488372093
"118",118,118,"aml_ohsu_2022_2059_BA2847","SF3B1",73,40,2,2,0.353982300884956,0.707964601769911
"119",119,119,"aml_ohsu_2022_2060_BA2322","NRAS",12,5,2,2,0.294117647058824,0.588235294117647
"120",120,120,"aml_ohsu_2022_2061_BA2762","WT1",127,49,2,2,0.278409090909091,0.556818181818182
"121",121,121,"aml_ohsu_2022_2062_BA2078","GATA2",86,60,2,2,0.410958904109589,0.821917808219178
"122",122,122,"aml_ohsu_2022_2062_BA2078","KRAS",144,72,2,2,0.333333333333333,0.666666666666667
"123",123,123,"aml_ohsu_2022_2062_BA2078","MGA",65,8,2,2,0.10958904109589,0.219178082191781
"124",124,124,"aml_ohsu_2022_2065_BA2020","IDH2",120,87,2,2,0.420289855072464,0.840579710144927
"125",125,125,"aml_ohsu_2022_2065_BA2020","PTPN11",162,42,2,2,0.205882352941176,0.411764705882353
"126",126,126,"aml_ohsu_2022_2066_BA2066","ASXL1",73,18,2,2,0.197802197802198,0.395604395604396
"127",127,127,"aml_ohsu_2022_2066_BA2066","NRAS",160,40,2,2,0.2,0.4
"128",128,128,"aml_ohsu_2022_2070_BA2592","BCOR",54,7,2,2,0.114754098360656,0.229508196721311
"129",129,129,"aml_ohsu_2022_2070_BA2592","IKZF1",48,15,2,2,0.238095238095238,0.476190476190476
"130",130,130,"aml_ohsu_2022_2070_BA2592","KMT2D",32,4,2,2,0.111111111111111,0.222222222222222
"131",131,131,"aml_ohsu_2022_2070_BA2592","SF3B1",77,31,2,2,0.287037037037037,0.574074074074074
"132",132,132,"aml_ohsu_2022_2071_BA2007","SF3B1",141,79,2,2,0.359090909090909,0.718181818181818
"133",133,133,"aml_ohsu_2022_2072_BA2642","IDH2",204,24,2,2,0.105263157894737,0.210526315789474
"134",134,134,"aml_ohsu_2022_2072_BA2642","SETD1B",4,5,2,2,0.555555555555556,1
"135",135,135,"aml_ohsu_2022_2073_BA2510","ASXL1",41,39,2,2,0.4875,0.975
"136",136,136,"aml_ohsu_2022_2074_BA2256","WT1",62,22,2,2,0.261904761904762,0.523809523809524
"137",137,137,"aml_ohsu_2022_2079_BA3029","CCND3",39,29,2,2,0.426470588235294,0.852941176470588
"138",138,138,"aml_ohsu_2022_2079_BA3029","DNMT3A",22,20,2,2,0.476190476190476,0.952380952380952
"139",139,139,"aml_ohsu_2022_2080_BA2089","ASXL1",4,6,2,2,0.6,1
"140",140,140,"aml_ohsu_2022_2080_BA2089","IDH1",48,38,2,2,0.441860465116279,0.883720930232558
"141",141,141,"aml_ohsu_2022_2080_BA2089","KRAS",113,74,2,2,0.39572192513369,0.79144385026738
"142",142,142,"aml_ohsu_2022_2080_BA2089","SRSF2",36,44,2,2,0.55,1
"143",143,143,"aml_ohsu_2022_2080_BA2089","STAG2",13,31,1,1,0.704545454545455,0.704545454545455
"144",144,144,"aml_ohsu_2022_2082_BA2161","PIK3CA",80,14,2,2,0.148936170212766,0.297872340425532
"145",145,145,"aml_ohsu_2022_2082_BA2161","TP53",126,49,2,2,0.28,0.56
"146",146,146,"aml_ohsu_2022_2083_BA2778","NRAS",148,128,2,2,0.463768115942029,0.927536231884058
"147",147,147,"aml_ohsu_2022_2083_BA2778","STAG2",7,2,2,2,0.222222222222222,0.444444444444444
"148",148,148,"aml_ohsu_2022_2083_BA2778","TET2",69,61,2,2,0.469230769230769,0.938461538461538
"149",149,149,"aml_ohsu_2022_2085_BA2855","DNMT3A",51,7,2,2,0.120689655172414,0.241379310344828
"150",150,150,"aml_ohsu_2022_2086_BA2971","DNMT3A",22,34,2,2,0.607142857142857,1
"151",151,151,"aml_ohsu_2022_2086_BA2971","JAK2",5,99,2,2,0.951923076923077,1
"152",152,152,"aml_ohsu_2022_2086_BA2971","RUNX1",77,70,2,2,0.476190476190476,0.952380952380952
"153",153,153,"aml_ohsu_2022_2086_BA2971","SRSF2",37,30,2,2,0.447761194029851,0.895522388059702
"154",154,154,"aml_ohsu_2022_2087_BA2858","IDH2",90,77,2,2,0.461077844311377,0.922155688622755
"155",155,155,"aml_ohsu_2022_2087_BA2858","SRSF2",45,45,2,2,0.5,1
"156",156,156,"aml_ohsu_2022_2087_BA2858","ZRSR2",2,10,1,1,0.833333333333333,0.833333333333333
"157",157,157,"aml_ohsu_2022_2088_BA2113","ALK",45,21,2,2,0.318181818181818,0.636363636363636
"158",158,158,"aml_ohsu_2022_2088_BA2113","JAK3",15,4,2,2,0.210526315789474,0.421052631578947
"159",159,159,"aml_ohsu_2022_2088_BA2113","TP53",21,24,2,2,0.533333333333333,1
"160",160,160,"aml_ohsu_2022_2088_BA2113","U2AF1",25,40,2,2,0.615384615384615,1
"161",161,161,"aml_ohsu_2022_2094_BA2728","GATA2",30,27,2,2,0.473684210526316,0.947368421052632
"162",162,162,"aml_ohsu_2022_2094_BA2728","NRAS",127,92,2,2,0.420091324200913,0.840182648401826
"163",163,163,"aml_ohsu_2022_2094_BA2728","ROS1",17,14,2,2,0.451612903225806,0.903225806451613
"164",164,164,"aml_ohsu_2022_2094_BA2728","SF3B1",59,46,2,2,0.438095238095238,0.876190476190476
"165",165,165,"aml_ohsu_2022_2095_BA2614","CEBPA",17,8,2,2,0.32,0.64
"166",166,166,"aml_ohsu_2022_2095_BA2614","DNMT3A",27,18,2,2,0.4,0.8
"167",167,167,"aml_ohsu_2022_2095_BA2614","JAK3",36,34,2,2,0.485714285714286,0.971428571428571
"168",168,168,"aml_ohsu_2022_2095_BA2614","TET2",26,19,2,2,0.422222222222222,0.844444444444444
"169",169,169,"aml_ohsu_2022_2100_BA2705","CCND3",22,5,2,2,0.185185185185185,0.37037037037037
"170",170,170,"aml_ohsu_2022_2100_BA2705","RAD21",3,4,2,2,0.571428571428571,1
"171",171,171,"aml_ohsu_2022_2100_BA2705","WT1",102,12,2,2,0.105263157894737,0.210526315789474
"172",172,172,"aml_ohsu_2022_2102_BA2498","ASXL1",168,103,2,2,0.380073800738007,0.760147601476015
"173",173,173,"aml_ohsu_2022_2102_BA2498","DNMT3A",18,22,2,2,0.55,1
"174",174,174,"aml_ohsu_2022_2102_BA2498","IDH2",124,98,2,2,0.441441441441441,0.882882882882883
"175",175,175,"aml_ohsu_2022_2102_BA2498","ROS1",53,52,2,2,0.495238095238095,0.99047619047619
"176",176,176,"aml_ohsu_2022_2104_BA2657","CBL",10,115,2,2,0.92,1
"177",177,177,"aml_ohsu_2022_2104_BA2657","EZH2",5,46,2,2,0.901960784313726,1
"178",178,178,"aml_ohsu_2022_2104_BA2657","GATA2",59,52,2,2,0.468468468468468,0.936936936936937
"179",179,179,"aml_ohsu_2022_2104_BA2657","RUNX1",76,56,2,2,0.424242424242424,0.848484848484849
"180",180,180,"aml_ohsu_2022_2105_BA2248","WT1",16,149,2,2,0.903030303030303,1
"181",181,181,"aml_ohsu_2022_2106_BA2420","PHF6",37,5,1,1,0.119047619047619,0.119047619047619
"182",182,182,"aml_ohsu_2022_2106_BA2420","RUNX1",37,12,2,2,0.244897959183673,0.489795918367347
"183",183,183,"aml_ohsu_2022_2106_BA2420","U2AF1",16,8,2,2,0.333333333333333,0.666666666666667
"184",184,184,"aml_ohsu_2022_2107_BA2839","APC",100,92,2,2,0.479166666666667,0.958333333333333
"185",185,185,"aml_ohsu_2022_2107_BA2839","BCOR",12,77,1,1,0.865168539325843,0.865168539325843
"186",186,186,"aml_ohsu_2022_2107_BA2839","RUNX1",47,78,2,2,0.624,1
"187",187,187,"aml_ohsu_2022_2107_BA2839","U2AF1",99,40,2,2,0.287769784172662,0.575539568345324
"188",188,188,"aml_ohsu_2022_2109_BA2894","CTCF",26,11,2,2,0.297297297297297,0.594594594594595
"189",189,189,"aml_ohsu_2022_2109_BA2894","DNMT3A",37,13,2,2,0.26,0.52
"190",190,190,"aml_ohsu_2022_2109_BA2894","MET",82,53,2,2,0.392592592592593,0.785185185185185
"191",191,191,"aml_ohsu_2022_2109_BA2894","WT1",125,63,2,2,0.335106382978723,0.670212765957447
"192",192,192,"aml_ohsu_2022_2110_BA2986","DNMT3A",54,16,2,2,0.228571428571429,0.457142857142857
"193",193,193,"aml_ohsu_2022_2110_BA2986","GATA2",86,12,2,2,0.122448979591837,0.244897959183673
"194",194,194,"aml_ohsu_2022_2110_BA2986","PTPN11",291,65,2,2,0.182584269662921,0.365168539325843
"195",195,195,"aml_ohsu_2022_2110_BA2986","ROS1",95,25,2,2,0.208333333333333,0.416666666666667
"196",196,196,"aml_ohsu_2022_2111_BA2972","CEBPA",206,121,2,2,0.370030581039755,0.740061162079511
"197",197,197,"aml_ohsu_2022_2111_BA2972","GATA2",94,13,2,2,0.121495327102804,0.242990654205607
"198",198,198,"aml_ohsu_2022_2116_BA2867","CEBPA",122,68,2,2,0.357894736842105,0.71578947368421
"199",199,199,"aml_ohsu_2022_2116_BA2867","RUNX1",27,23,2,2,0.46,0.92
"200",200,200,"aml_ohsu_2022_2116_BA2867","SRSF2",13,8,2,2,0.380952380952381,0.761904761904762
"201",201,201,"aml_ohsu_2022_2116_BA2867","TET2",5,6,2,2,0.545454545454545,1
"202",202,202,"aml_ohsu_2022_2117_BA2999","BCOR",8,60,1,1,0.88235294117647,0.88235294117647
"203",203,203,"aml_ohsu_2022_2117_BA2999","DNMT3A",25,19,2,2,0.431818181818182,0.863636363636364
"204",204,204,"aml_ohsu_2022_2117_BA2999","IDH1",87,75,2,2,0.462962962962963,0.925925925925926
"205",205,205,"aml_ohsu_2022_2117_BA2999","RUNX1",103,73,2,2,0.414772727272727,0.829545454545455
"206",206,206,"aml_ohsu_2022_2117_BA2999","SRSF2",31,32,2,2,0.507936507936508,1
"207",207,207,"aml_ohsu_2022_2119_BA2718","CEBPA",17,13,2,2,0.433333333333333,0.866666666666667
"208",208,208,"aml_ohsu_2022_2122_BA2024","IDH2",229,32,2,2,0.122605363984674,0.245210727969349
"209",209,209,"aml_ohsu_2022_2122_BA2024","SMG1",41,4,2,2,0.0888888888888889,0.177777777777778
"210",210,210,"aml_ohsu_2022_2123_BA2956","NRAS",124,37,2,2,0.229813664596273,0.459627329192547
"211",211,211,"aml_ohsu_2022_2124_BA2491","GNAS",95,12,2,2,0.11214953271028,0.224299065420561
"212",212,212,"aml_ohsu_2022_2124_BA2491","JAK2",49,76,2,2,0.608,1
"213",213,213,"aml_ohsu_2022_2124_BA2491","TP53",20,220,2,2,0.916666666666667,1
"214",214,214,"aml_ohsu_2022_2126_BA2082","KMT2D",16,2,2,2,0.111111111111111,0.222222222222222
"215",215,215,"aml_ohsu_2022_2126_BA2082","TET2",183,88,2,2,0.324723247232472,0.649446494464945
"216",216,216,"aml_ohsu_2022_2126_BA2082","ZRSR2",7,19,1,1,0.730769230769231,0.730769230769231
"217",217,217,"aml_ohsu_2022_2128_BA2148","KRAS",100,66,2,2,0.397590361445783,0.795180722891566
"218",218,218,"aml_ohsu_2022_2129_BA2163","DNMT3A",37,29,2,2,0.439393939393939,0.878787878787879
"219",219,219,"aml_ohsu_2022_2129_BA2163","EED",59,43,2,2,0.42156862745098,0.843137254901961
"220",220,220,"aml_ohsu_2022_2129_BA2163","KMT2A",109,81,2,2,0.426315789473684,0.852631578947368
"221",221,221,"aml_ohsu_2022_2129_BA2163","TP53",52,52,2,2,0.5,1
"222",222,222,"aml_ohsu_2022_2131_BA2590","IDH1",76,60,2,2,0.441176470588235,0.88235294117647
"223",223,223,"aml_ohsu_2022_2131_BA2590","RAD21",12,25,2,2,0.675675675675676,1
"224",224,224,"aml_ohsu_2022_2131_BA2590","SRSF2",30,10,2,2,0.25,0.5
"225",225,225,"aml_ohsu_2022_2134_BA2524","DNMT3A",17,2,2,2,0.105263157894737,0.210526315789474
"226",226,226,"aml_ohsu_2022_2134_BA2524","GRIN2A",10,8,2,2,0.444444444444444,0.888888888888889
"227",227,227,"aml_ohsu_2022_2134_BA2524","NRAS",16,4,2,2,0.2,0.4
"228",228,228,"aml_ohsu_2022_2135_BA2080","CEBPA",13,26,2,2,0.666666666666667,1
"229",229,229,"aml_ohsu_2022_2135_BA2080","MYC",7,25,2,2,0.78125,1
"230",230,230,"aml_ohsu_2022_2135_BA2080","STAG2",5,55,1,1,0.916666666666667,0.916666666666667
"231",231,231,"aml_ohsu_2022_2135_BA2080","TET2",168,159,2,2,0.486238532110092,0.972477064220184
"232",232,232,"aml_ohsu_2022_2138_BA2775","CBL",143,13,2,2,0.0833333333333333,0.166666666666667
"233",233,233,"aml_ohsu_2022_2138_BA2775","IDH2",93,80,2,2,0.46242774566474,0.92485549132948
"234",234,234,"aml_ohsu_2022_2139_BA2885","ASXL1",10,2,2,2,0.166666666666667,0.333333333333333
"235",235,235,"aml_ohsu_2022_2139_BA2885","BRAF",157,117,2,2,0.427007299270073,0.854014598540146
"236",236,236,"aml_ohsu_2022_2139_BA2885","TET2",175,166,2,2,0.486803519061584,0.973607038123167
"237",237,237,"aml_ohsu_2022_2140_BA2132","ETV6",56,45,2,2,0.445544554455446,0.891089108910891
"238",238,238,"aml_ohsu_2022_2140_BA2132","U2AF1",63,26,2,2,0.292134831460674,0.584269662921348
"239",239,239,"aml_ohsu_2022_2142_BA2991","NRAS",101,99,2,2,0.495,0.99
"240",240,240,"aml_ohsu_2022_2142_BA2991","SRSF2",18,18,2,2,0.5,1
"241",241,241,"aml_ohsu_2022_2143_BA2406","DNMT3A",29,14,2,2,0.325581395348837,0.651162790697674
"242",242,242,"aml_ohsu_2022_2143_BA2406","TP53",92,101,2,2,0.523316062176166,1
"243",243,243,"aml_ohsu_2022_2144_BA2902","TET2",58,68,2,2,0.53968253968254,1
"244",244,244,"aml_ohsu_2022_2144_BA2902","ZRSR2",6,38,1,1,0.863636363636364,0.863636363636364
"245",245,245,"aml_ohsu_2022_2145_BA2821","KRAS",137,111,2,2,0.44758064516129,0.895161290322581
"246",246,246,"aml_ohsu_2022_2145_BA2821","WT1",83,81,2,2,0.49390243902439,0.98780487804878
"247",247,247,"aml_ohsu_2022_2147_BA2181","DNMT3A",8,7,2,2,0.466666666666667,0.933333333333333
"248",248,248,"aml_ohsu_2022_2147_BA2181","ERBB4",100,69,2,2,0.408284023668639,0.816568047337278
"249",249,249,"aml_ohsu_2022_2147_BA2181","IDH1",48,25,2,2,0.342465753424658,0.684931506849315
"250",250,250,"aml_ohsu_2022_2147_BA2181","RUNX1",4,100,2,2,0.961538461538462,1
"251",251,251,"aml_ohsu_2022_2148_BA2595","ARID1B",7,2,2,2,0.222222222222222,0.444444444444444
"252",252,252,"aml_ohsu_2022_2148_BA2595","IDH2",143,105,2,2,0.423387096774194,0.846774193548387
"253",253,253,"aml_ohsu_2022_2148_BA2595","TET2",45,55,2,2,0.55,1
"254",254,254,"aml_ohsu_2022_2149_BA3023","NF1",20,11,2,2,0.354838709677419,0.709677419354839
"255",255,255,"aml_ohsu_2022_2149_BA3023","PTPN11",186,117,2,2,0.386138613861386,0.772277227722772
"256",256,256,"aml_ohsu_2022_2149_BA3023","RAD21",36,21,2,2,0.368421052631579,0.736842105263158
"257",257,257,"aml_ohsu_2022_2149_BA3023","WT1",116,85,2,2,0.422885572139304,0.845771144278607
"258",258,258,"aml_ohsu_2022_2150_BA2620","ASXL1",188,136,2,2,0.419753086419753,0.839506172839506
"259",259,259,"aml_ohsu_2022_2151_BA2423","BCOR",32,45,1,1,0.584415584415584,0.584415584415584
"260",260,260,"aml_ohsu_2022_2151_BA2423","GATA3",116,12,2,2,0.09375,0.1875
"261",261,261,"aml_ohsu_2022_2151_BA2423","NRAS",190,78,2,2,0.291044776119403,0.582089552238806
"262",262,262,"aml_ohsu_2022_2151_BA2423","SRSF2",15,21,2,2,0.583333333333333,1
"263",263,263,"aml_ohsu_2022_2157_BA2452","CCND3",66,53,2,2,0.445378151260504,0.890756302521008
"264",264,264,"aml_ohsu_2022_2157_BA2452","DNMT3A",82,65,2,2,0.442176870748299,0.884353741496599
"265",265,265,"aml_ohsu_2022_2157_BA2452","IDH1",98,105,2,2,0.517241379310345,1
"266",266,266,"aml_ohsu_2022_2157_BA2452","RAD21",147,145,2,2,0.496575342465753,0.993150684931507
"267",267,267,"aml_ohsu_2022_2158_BA2083","TP53",46,36,2,2,0.439024390243902,0.878048780487805
