"","DNMT3A","SF3B1","TET2","FLT3","KIT","KRAS","WT1","ATM","NRAS","TP53","IDH2","NPM1","PTPN11","IDH1","JAK2","ASXL1","CHEK2","PHF6","RUNX1","STAG2"
"MSK122",0.689295039164491,0.39686684073107,0.0261096605744125,0,0,0,0,0,0,0,0,0,0,0,0,0,0,0,0,0
"MSK28",0,0,0,0.0151628323872124,0.922542575440693,0.0100836570062743,0.040035853002689,0,0,0,0,0,0,0,0,0,0,0,0,0
"MSK29",0,0,0.0344827586206897,0.0129310344827586,0,0,0,0.956896551724138,0,0,0,0,0,0,0,0,0,0,0,0
"MSK34",0,0,0.984877943400302,0,0,0.016850291639663,0,0,0.550010801469,0.984661914020307,0,0,0,0,0,0,0,0,0,0
"MSK67",0,0,0,0,0,0.0550359224617053,0,0,0,0,0.815507658939948,0.6895757082825,0.0321268808458723,0,0,0,0,0,0,0
"MSK94",0.0123456790123457,0,0,0,0,0,0,0,0,0,0,0,0,0.587654320987654,0.595061728395062,0,0,0,0,0
"TJU17-005",0.464406779661017,0.963983050847458,0.00889830508474576,0,0,0,0,0,0,0,0,0.660593220338983,0,0,0,0.0114406779661017,0,0,0,0
"TJU17-006",0.00632911392405063,0.00632911392405063,0.563291139240506,0,0,0,0,0,0,0,0,0.477848101265823,0,0,0,0.00632911392405063,0.857594936708861,0.00949367088607595,0.00632911392405063,0.00949367088607595
"TJU17-020",0,0,0.929585462805224,0,0,0.59511641113004,0,0,0,0,0,0.796706416808631,0,0,0,0.013060760931289,0,0,0,0.0122089721749006
"TJU17-021",0,0,0.70265780730897,0,0,0.317275747508306,0,0,0,0,0,0.53156146179402,0.00996677740863787,0,0,0.00664451827242525,0,0,0,0
